"dataset","n_obs","n_patients","n_events","event_rate","median_time","mean_time","n_features"
"3year",317006,2619,1042,0.00328700403146944,103,3394.39577799789,57
"10year",37799,708,1773,0.046906002804307,35,336.560491018281,57
