"feature","hr_3year","hr_lower_3year","hr_upper_3year","pvalue_3year","hr_10year","hr_lower_10year","hr_upper_10year","pvalue_10year"
"SBP_std_prev",1.5097730731853,1.41095339974943,1.61551383122943,8.47350898469632e-33,1.17867955698107,1.12878606667568,1.23077839021932,9.3564828058728e-14
