"dataset","concordance","aic","bic","n_features"
"3year",0.88528378493059,23133.1022276283,23222.1823776299,20
"10year",0.777782611869931,34391.1341338712,34489.7818433806,20
