"risk_group","n","mean_risk_score","event_rate"
"Low",79252,-2.49654063927072,0.000302831474284561
"Medium-Low",79251,-0.500680325172187,0.000441634805869958
"Medium-High",79251,0.637917541667213,0.00146370392802614
"High",79252,2.35930515443196,0.0109397870085297
