"risk_group","n","mean_risk_score","event_rate"
"Low",9450,-1.1925845756553,0.00878306878306878
"Medium-Low",9450,-0.337078778770243,0.0216931216931217
"Medium-High",9449,0.287826375382053,0.0416975341305958
"High",9450,1.24186743686101,0.115449735449735
