model,dataset,c_index_train,c_index_val,c_index_test,ibs_val,ibs_test,ece_val,ece_test
CoxPH,3year,0.5795442671622333,0.5765682949667096,0.5711151735653669,,,0.00093997187362005,0.0009250657640593314
MTLR,3year,0.8249064239611559,0.7296531900294662,0.6980786854477143,,,0.0027068426464108564,0.0015353875276054032
