"total_obs","total_events","event_rate","censored","censoring_rate"
317006,1042,0.00328700403146944,315964,0.996712995968531
