"time_hours","time_days","survival_prob","lower_ci","upper_ci"
24,1,0.998318637531673,0.998176027720511,0.998461267717556
48,2,0.997482303371267,0.997307855868784,0.99765678138783
72,3,0.996916548272169,0.996723517881934,0.997109616045622
168,7,0.996710597095065,0.996511220972157,0.996910013107978
720,30,0.996710597095065,0.996511220972157,0.996910013107978
