"time_hours","time_days","survival_prob","lower_ci","upper_ci"
24,1,0.972756681534294,0.971116323355593,0.974399810519014
48,2,0.959554665390104,0.957300405483907,0.961814233648513
72,3,0.947881033203823,0.945098360220129,0.950671899270121
168,7,0.933472647267235,0.930140942961698,0.9368162855207
720,30,0.931371324109724,0.927960919141137,0.934794262862666
