"event_occurred","n","mean_time","median_time","sd_time","min_time","max_time","q25","q75"
0,36026,351.47529561983,35,570.242946058833,0,7584,35,468
1,1773,33.5031020868584,19,38.2407075194823,1,197,7,47
