"event_occurred","n","mean_time","median_time","sd_time","min_time","max_time","q25","q75"
0,315964,3405.49247382613,103,5692.73788718075,22,18795,99,7512
1,1042,29.5623800383877,24,23.6943076797807,1,94,9,47
